Dataset S2: Thermostability dataset of 83 nanobodies distinct from the training dataset of NanoMelt,,,,,,,,,,
,,,,,,,,,,
,,,,,,,,,,
ID,Sequence,Measured Tm (C) ,Technique,Solvent,pH,Concentration,Expression,Source for plot,Source,Comment
4W70,EVQLVESGGGLVQAGDSLRLSATASGRTFSRAVMGWFRQAPGKEREFVAAISAAPGTAYYAFYADSVRGRFSISADSAKNTVYLQMNSLKPEDTAVYYVAADLKMQVAAYMNQRSVDYWGQGTQVTVSS,60,CD,PBS,7.4,7-14 uM,Periplasmic,10.1002/prot.24671,10.1002/prot.24671,TEMPRO ext test
5SV3,EVQLVESGGGLVQAGDSLRLSCTASGRTLGDYGVAWFRQAPGKEREFVSVISRSTIITDYADSVRGRFSISADSAKNTVYLQMNSLKPEDTAVYYCAVIANPVYATSRNSDDYGHWGQGTQVTVSS,70.7,CD,PBS,7.4,0.2 mg/ml,,10.1080/19420862.2016.1236882,10.1080/19420862.2016.1236882,TEMPRO ext test
Nb4,QVQLVESGGGSVQAGGSLRLSCAASGSAISNLYMAWFRQAPGKEREGVAQMYSGESSTYYADSVEGRFTITHDKARNTVYLQMNDLKPEDSAMYYCAAAVGLPDLRRQGYLSADYYRIWGQGTQVTVSS,77,nanoDSF,PBS,,,Mam,Sormanni,StAbPred paper,
Nb5,HVQLVESGGGSVQAGGSLRLSCEISLYIYSSYCMGWFRQAPGKEREAVAAHYTGTAITYVADSVKGRFAISEDNAKNVLYLQMNSLQPEDTAMYYCAARQPCRLWLGYEDPGEYNIWGQGTQVTVSS,76.8,nanoDSF,PBS,,,Mam,Sormanni,StAbPred paper,
Nb6,QVQLVESGGGSVQAGGSLRLSCAASGLDIHSYCMTWFRQAPGKEREEIARIGTIAGPTYADSVKGRFTISQDKAKSIVYLQMNSLQPEDTAMYYCAADRMACLRPSVQLAAYNFWGRGTQVTVSS,74.3,nanoDSF,PBS,,,Mam,Sormanni,StAbPred paper,
4A_sdAb_2505,QVQLQESGGGSVQAGGSLRLSCADSGYTFSDYCMGWFRQAPGKEREGVAIISNGGLITRYADSVKGRFTVSRDNAKNTLYLEMNSLKPEDTATYFCAKGSYTCNPDRWSQVSDYKYGGQGTQVTVSS,55.5,nanoDSF,,,,Nuclera,Sormanni,In the lab,
5A_sdAb_1510,QVQLQESGGGSVQAGGSLRLSCAASGYSSYCMGWFRQAPGKERKGVAAIDSDGSTSYADSVKGRFTISKDNAKNTLYLQMNSLKPEDTAMYYCAADSPDRYGGSCLPSGGVYEYNYWGQGTQVTVSS,64.6,nanoDSF,,,,Nuclera,Sormanni,In the lab,
7A_5vxm,QVQLVESGGGLVQAGGSLRLSCAVSGLEMQSHAIGWFRQAPGKEREGVSCINDDGSTTRYADSVKGRFTISRDNAKNTVYLQMNSLKPEDTAVYFCAAKSVWFCSVIRSHEFNSWGQGTQVTVSS,66.9,nanoDSF,,,,Nuclera,Sormanni,In the lab,
8A_sdAb_8797,QVQLQESGGGLVQAGGSLRLSCAASGSIFAAAYMGWYRQAPGKEREFVAAISDGSNTYYADSVKGRFTISRDNAKNTVYLQMNSLKPEDTAVYYCAVIRWNYTYFRYWGQGTQVTVSS,74.2,nanoDSF,,,,Nuclera,Sormanni,In the lab,
9A_6itc,QVQLVETGGGLVQPGGSLRLSCGASGSIFNMYAMGWYRQAPGKRREVVARIATDDSTMYPDSVKGRFTISRDNAKNTVYLQMNSLKPEDTAVYYCYYQRTVMSQPYWGQGTQVTVSS,70.1,nanoDSF,,,,Nuclera,Sormanni,In the lab,
10A_6xxp,QVQLQESGGGSVEAGGSLRLSCARSGWPYSTYSMNWFRQAPGKEREAVAGISSTMSGIIFAESKAGQFTISQDNAKNTVYLQMNNLKPEDTAIYYCAARRDYSLSSSSDDFDYWGQGTQVTVSS,64.3,nanoDSF,,,,Nuclera,Sormanni,In the lab,
12A_3r0m,AVQLQESGGGLVQAGGSLRLSCTASGRISSSYDMGWFRQAPGKEREFVAAISWSGGTTDYADSVKGRFAISKDNAKNAVYLQMNSLKPEDTAVYYCAAKWRPLRYSDYPSNSDYYDWGQGTQVTVSS,75.2,nanoDSF,,,,Nuclera,Sormanni,In the lab,
sdab33.Nb1,QVQLQESGGGSVQAGGSLKLSCAASGGAYRNACMGFRQAPGKEREGAIINSVDTTYYADPVKGRFTISRDNAKSTVYLLMNSLKPEDTAIYYCAQVARVVCPGDKLGASGYNYWGQGTQVTVSS,57.9,nanoDSF,,,,,https://doi.org/10.1016/j.bbrc.2021.05.089,https://doi.org/10.1016/j.bbrc.2021.05.089,TEMPRO training (they manually curated)
sdab35.Nb4,QVQLQESGGGSVQAGGSLRLSCAASGNTHITLAFRQAPGKEREGVFIYTSTGYTYYSDSVKGRFTISQDNAKNTVYLQMDNLKPEDAGMYYCAAGRTRSVRPGGRIDPGAFDYWGQGTQVTVSS,75.6,nanoDSF,,,,,https://doi.org/10.1016/j.bbrc.2021.05.089,https://doi.org/10.1016/j.bbrc.2021.05.089,TEMPRO training (they manually curated)
sdab36.Nb7,QVQLQESGGGSVQAGGSLRLSCESSGMTFSVYNLGLRQAPGQECELSTITRDGSTDYADSMKGRFTISRDNAKNTMYLQMTSLKPDDTAVYYCAAGVGVVDCTEGQGTQVTVSS,51.8,nanoDSF,,,,,https://doi.org/10.1016/j.bbrc.2021.05.089,https://doi.org/10.1016/j.bbrc.2021.05.089,TEMPRO training (they manually curated)
sdab561.H3,EVQLQASGGGLVQGGDSLRLSCARSGRTLSDYGVAWFRQAPGKEREFVSVIGRSTIITDYANSVKGRITISRDNAKNAVYLQMNSLKPEDTAVYYCAVITNPVYATSRNSDDYGYWGQGTQVTVSS,57,DSF,,,,,https://doi.org/10.1016/j.btre.2015.01.001,https://doi.org/10.1016/j.btre.2015.01.001,TEMPRO training (they manually curated)
sdab562.H1,DVQLQASGGGLAQAGGSLRLSCAYSGDTVNDYAMAWFRQAPGKGREFVAAIRARGGGTEYLDSVKGRFTISRDNGENTAYLQMDNLQPDDTALYFCALAMGGYAYRAFERYSVRGQGTQVTVSS,65,DSF,,,,,https://doi.org/10.1016/j.btre.2015.01.001,https://doi.org/10.1016/j.btre.2015.01.001,TEMPRO training (they manually curated)
sdab563.F8,DVQLQASGGGLAQAGGSLRLSCAYSGDTVNDYGMGWFRQVPGKGREFVAAIRASGGGTEYLDSVKGRFTISRDNRNTATLQMNDLRPDDTAVYYCALSMGGYAYRAFERYNVRGQGTQVTVSP,59,DSF,,,,,https://doi.org/10.1016/j.btre.2015.01.001,https://doi.org/10.1016/j.btre.2015.01.001,TEMPRO training (they manually curated)
sdab564.D1,EVQLQASGGGLVQPGGSLRLACQYSGREGTTTVGWFRQSPGKEREFVAAIRWTDSRTPHTDSRFTTSSDNFKKTAYLQMNGLKPEDTALYYCTEDTWNSVVTGTAADWSQGTQVTVSS,49,DSF,,,,,https://doi.org/10.1016/j.btre.2015.01.001,https://doi.org/10.1016/j.btre.2015.01.001,TEMPRO training (they manually curated)
sdab565.F11,EVQLQASGGGLVRPGGSLRLACQYSGREGTTTVGWIRQSPGKEREFVAAIRWTDSRTSHTDSRFTTSSDNFKKTAYLQMNGLKPEDTALYYCTEDTWNSVVTGTAAGWSQGTQVTVSS,54,DSF,,,,,https://doi.org/10.1016/j.btre.2015.01.001,https://doi.org/10.1016/j.btre.2015.01.001,TEMPRO training (they manually curated)
sdab566.H1W,DVQLQASGGGLAQAGGSLRLSCAYSGDTVNDYAMAWFRQAPGKGREFVAAIRARGGGTEYLDSVKGRFTISRDNGENTAYLQMDNLQPDDTALYFCALAMGGYAYRAFERYSVWGQGTQVTVSS,71,DSF,,,,,https://doi.org/10.1016/j.btre.2015.01.001,https://doi.org/10.1016/j.btre.2015.01.001,TEMPRO training (they manually curated)
sdab442.F11,EVQLQASGGGLVRPGGSLRLACQYSGREGTTTVGWIRQSPGKEREFVAAIRWTDSRTSHTDSRETTSSDNFKKTAYLQMNGLKPEDTALYYCTEDTWNSYYTGTAAGWSQGTQVTVSS,50,DSF,,,,,https://doi.org/10.1016/j.btre.2015.01.001,https://doi.org/10.1016/j.btre.2015.01.001,TEMPRO training (they manually curated)
sdab451.H1Wneg+,DVQLQASGGGLAQDGGSLRLSCAYSGQTVNDYAMAWFRQAPGKEREFVCAIRARGGGTEYLDSVKGRFTCSRDNGENTAYLQMDNLQPDDTALYFCALAMGGYAYRAFERYSVWGQGTQVTVSS,68,DSF,,,,,https://doi.org/10.1016/j.btre.2015.01.001,https://doi.org/10.1016/j.btre.2015.01.001,TEMPRO training (they manually curated)
sdab484.Z18,QVQLVESGGGLVQAGDSLRLSCAASGRTFSGYAMGWFRQAPGKEREFVARINWSGTLTYYADSVKGRFTGSRDNAKNTVYLQMNSLKPEDTAVYYCAQRGDSGSNYDPSGYSYWGQGTQVTVSS,59,DSC,,,,,https://doi.org/10.1038/s41598-021-98977-8,https://doi.org/10.1038/s41598-021-98977-8,TEMPRO training (they manually curated)
sdab567.C10,DVQLQASGGGLVQPGGSLRLACAHSGREGTTTVGWFRQAPGKEREFVAALRWTDGRISYANSVKGRFTTSSDNWKKTVYLQMNGLKPEDSALYYCAEDSWYPVVTGTAAYWSQGTQVTVSS,66,DSF,,,,,https://doi.org/10.1016/j.btre.2015.01.001,https://doi.org/10.1016/j.btre.2015.01.001,TEMPRO training (they manually curated)
sdab497.A3,EVQLVESGGGLVQAGDSLRLSCTASGRTFSRAVMGWFRQAPGKEREFVAAISAAPGTAYYAFYADSVRGRFSISADSAKNTVYLQMNSLKPEDTAVYYCAADLKMQVAAYMNQRSADYWGQGTQVTVSS,80,CD,,,,,10.1093/protein/gzu001,10.1021/acsomega.9b00730,TEMPRO training (they manually curated)
sdab498.A3,EVQLVESGGGLVQAGDSLRLSCTASGRTFSRAVMGWFRQAPGKEREFVAAISAAPGTAYYAFYADSVRGRFSISADSAKNTVYLQMNSLKPEDTAVYYCAADLKMQVAAYMNQRSYDYWGQGTQVTVSS,79,CD,,,,,10.1093/protein/gzu001,10.1021/acsomega.9b00730,TEMPRO training (they manually curated)
sdab499.A3,EVQLVESGGGLVQAGDSLRLSCTASGRTFSRAVMGWFRQAPGKEREFVAAISAAPGTAYYAFYADSVRGRFSISADSAKNTVYLQMNSLKPEDTAVYYCAADLKMQVAAYMNQRCVDYWGQGTQVTVSS,77,CD,,,,,10.1093/protein/gzu001,10.1016/j.molimm.2018.11.016,TEMPRO training (they manually curated)
sdab512.A3-ds,EVQLVESGGGLVQAGDSCRLSATASGRTFSRAVMGWFRQAPGKEREFVAAISAAPGTAYYAFYADSVRGRFSISADSAKNTVYLQMNSLKPEDTAVYYVAADLKMQVAAYMNQRSVDYWGQGTQVTVSS,62.2,CD,,,,,10.1093/protein/gzu001,10.1093/protein/gzu001,TEMPRO training (they manually curated)
sdab513.A3-ds,EVQLVESGGGLVQAGDSLRLSATASGRTFSRAVMGWFRQAPGKEREFVAAISAAPGTAYYAFYADSVRGRFSISADSAKNTVYLQMNNLKPEDTAVYYVAADLKMQVAAYMNQRSVDYWGQGTQVTVSS,64.6,CD,,,,,10.1093/protein/gzu001,10.1093/protein/gzu001,TEMPRO training (they manually curated)
sdab514.A3-ds,EVQLVESGGGLVQAGDSLRLSATASGCTFSRAVMGWFRQAPGKEREFVAAISAAPGTAYYAFYADSVRGRFSISADSAKNTVYLQMNSLKPEDTAVYYVAADLKMQVAAYMNQRSVDYWGQGTQVTVSS,61.2,CD,,,,,10.1093/protein/gzu001,10.1093/protein/gzu001,TEMPRO training (they manually curated)
sdab515.A3-ds,EVQLVESGGGLVQAGDSLRLSATASGRIFSRAVMGWFRQAPGKEREFVAAISAAPGTAYYAFYADSVRGRFIISADSAKNTVYLQMNSLKPEDTAVYYVAADLKMQVAAYMNQRSVDYWGQGTQVTVSS,69.5,CD,,,,,10.1093/protein/gzu001,10.1093/protein/gzu001,TEMPRO training (they manually curated)
sdab516.A3-ds,EVQLVESGGGLVQAGDSLRLSATASDRTFSRAVMGWFRQAPGKEREFVAAISAAPGTAYYAFYADSVRGRFSISADSAKNTVYLQMNSLKPEDTAVYYVAADLKMQVAAYMNQRSVDYWGQGTQVTVSS,64.8,CD,,,,,10.1093/protein/gzu001,10.1093/protein/gzu001,TEMPRO training (they manually curated)
sdab518.SEB,EVQLQASGGGLVQAGGPLRLTCAVSGPTFGSYALGWFRQAPGKEREFVAAVSWSGGDTYADSVKGRFIISRDNAKNTVYLQMNNLEPEDTAVYSCARMQDRYYISKDAKDYGYWGQGTQVTVSS,65.3,CD,,,,,10.3390/s140610846,10.3390/s140610846,TEMPRO training (they manually curated)
sdab519.SEB,DVQLQASGGGLVQAGGSLRLTCAASLHTFGSYAMGWERQAPGKEREFVAAISWSGGDTYSDSVKGRFTISRDNAKNTVYLQMNSLEPEDTAVYSCAAVEARYYISTDAKDYGYWGQGTQVTVSS,70.9,CD,,,,,10.3390/s140610846,10.3390/s140610846,TEMPRO training (they manually curated)
sdab520.SEB,EVQLQASGGGLVRAGGTLRLTCDATTPTFGSYAMGWFRQAPGKEREFVSAISWSGGDTYADSVKGRFTISRDNTRNRVYLQMNDLEPDDTAIYTCARTTARYYISKDAKDYDYWGQGTQVTVSS,65.5,CD,,,,,10.3390/s140610846,10.3390/s140610846,TEMPRO training (they manually curated)
sdab521.SEB,EVQLQASGGGLVQAGGSLRLTCAVSGPTFGSYALGWFRQAPGKEREFVAAVSWSGGDTYADTAKGRFIISRDNAKNTVYLQMNNLEPEDTAVYSCARMQDRYYISKDAKDYGYWGQGTQVIVSS,73,CD,,,,,10.3390/s140610846,10.3390/s140610846,TEMPRO training (they manually curated)
sdab522.SEB,EVQLQASGGGLVQAGGSLRLTCAVSGPTFGSYALGWFRQAPGKEREFVAAVSWSGGDTYADSVKGRFIISRDNAKNTVYLQMNNLEPEDTAVYSCARMQDRYYISKDAKDYGYWGQETQVTVSS,70.9,CD,,,,,10.3390/s140610846,10.3390/s140610846,TEMPRO training (they manually curated)
sdab524.SEB,EVQLQASGGGLVQAGGSLRLSCAASGRDFSDYAMAWFRQAPGKEREFVGTISWYTNTNYADSVKGRFSISRDNAKNTVYLQMSSLKPEDTAVYYCAAAPARYYNPYKRESEYGYWGQGTQVTVSS,65.1,CD,,,,,10.3390/s140610846,10.3390/s140610846,TEMPRO training (they manually curated)
sdab525.SEB,EVQLQASGGGLVQPGGSLRLSCAASGSAVSIGFMAWYRQAPGKQRELVARISSSGLPDYADTVKGRFTISRDNTRKTVSLQMNSLNPDDTAVYYCNARLYDGSSAWGQGTQVTVSS,66.9,CD,,,,,10.3390/s140610846,10.3390/s140610846,TEMPRO training (they manually curated)
sdab526.SEB,DVQLQASGGGLVQPGGSLRLSCAASESAVRIGFMGWHRQAPGNQRERVAQISSTGLPTYADAVKGRFTISRDNTKNTVYLQMNSLNADDTAVYFCNARLYDGTSVWGQGTQVTVSS,60.4,CD,,,,,10.3390/s140610846,10.3390/s140610846,TEMPRO training (they manually curated)
sdab527.SEB,DVQLQASGGGLVEPGGSLRLSCAASGSAVSIGFMGWHRQAPGKQRERVAQISSTGIPNYADTVKGRFTISRDNTKNTMYLQMNSLNADDTAVYFCNARLYDGTSAWGQGTQVTVSS,56.2,CD,,,,,10.3390/s140610846,10.3390/s140610846,TEMPRO training (they manually curated)
sdab528.SEB,DVQLQASGGGLVQVGGSLRLSCAASGSTFRIGYMGWYRQAPGKPRELVARISSGGTTDYLDFVKDRFTISRDNAKNTVYLQMSSLKPEDTAVYYCNVVNYRANEYWGQGTQVTVSS,58.5,CD,,,,,10.3390/s140610846,10.3390/s140610846,TEMPRO training (they manually curated)
sdab529.SEB,DVQLQASGGGLVQVGGSLRLSCAASGSTFRIGYMSWHRQAPGKSRELVARISSGGTTDYLDSVKDRFTISRDNTKNTVYLQMNSLEPEDTAVYYCNVVDYRANEYWGQGTQVAVSS,62.1,CD,,,,,10.3390/s140610846,10.3390/s140610846,TEMPRO training (they manually curated)
sdab530.NbD1 _1_5,EVQLVESGGGSVQAGGSLRLSCAASGWTYSTATMGWYRQAPGKERELVSSIFSDENTYYKDSVKGRFTISRDAAKNTVYLQMNSLKPEDTAMYYCYIRPTTSLANWRWGQGTQVTVSS,70.5,DSF,,,,,10.1016/j.bbagen.2017.06.014,10.1016/j.bbagen.2017.06.014,TEMPRO training (they manually curated)
sdab531.NbD2_1_5,EVQLVESGGGSVQAGGSLRLSCAVSENTGRMGWFRQAPGKEREKVAIITRLGGYTSYAGPVKGRFTISQDNAKNTVYLLMNSLKPEDTAIYYCAADSRPIYSGTWRYWGQGTQVTVSS,65.5,DSF,,,,,10.1016/j.bbagen.2017.06.014,10.1016/j.bbagen.2017.06.014,TEMPRO training (they manually curated)
sdab532.NbD3,QVQLQESGGGSVQAGGSLRLSCTASEFTTKYMAWFRQAPGKERELVAVIYTITSGANYGDSVKGRFTIYRDNENNTVHLEMNNLKPEDTAMYICAASTYWGAALRETAYNSWGRGTQVTVSS,58,DSF,,,,,10.1016/j.bbagen.2017.06.014,10.1016/j.bbagen.2017.06.014,TEMPRO training (they manually curated)
sdab533.NbD3_1_5,EVQLVESGGGSVQAGGSLRLSCTASEFTTKYMAWFRQAPGKERELVAVIYTITSGANYGDSVKGRFTIYRDNENNTVHLEMNNLKPEDTAMYICAASTYWGAALRETAYNSWGRGTQVTVSS,62,DSF,,,,,10.1016/j.bbagen.2017.06.014,10.1016/j.bbagen.2017.06.014,TEMPRO training (they manually curated)
sdab534.NbD4_1_5,EVQLVESGGGSVQSGGSLRLSCAASGDTFSKRIMAWFRGAPDKEREGLATIDPDGTMKSYADSARGRFTISRDNAKSAVYLQMNSLKPEDTAVYYCATKLTWYGAYQSWGQGTQVTVSS,56,DSF,,,,,10.1016/j.bbagen.2017.06.014,10.1016/j.bbagen.2017.06.014,TEMPRO training (they manually curated)
sdab535.NbD5,QVQLQESGGGSVQAGGSLRLSCAVSGYTYSSYSIGWFRQAPGKEREGVAAINSGGSTNYAGSVEGRGFISQDNAKNTVSLLMNSLKPEDTATYYCAVGAFFTLRPTLYNYWGQGTQVTVSS,54,DSF,,,,,10.1016/j.bbagen.2017.06.014,10.1016/j.bbagen.2017.06.014,TEMPRO training (they manually curated)
sdab536.NbD5_1_5,EVQLVESGGGSVQAGGSLRLSCAVSGYTYSSYSIGWFRQAPGKEREGVAAINSGGSTNYAGSVEGRGFISQDNAKNTVSLLMNSLKPEDTATYYCAVGAFFTLRPTLYNYWGQGTQVTVSS,54,DSF,,,,,10.1016/j.bbagen.2017.06.014,10.1016/j.bbagen.2017.06.014,TEMPRO training (they manually curated)
sdab537.NbD6_1_5,EVQLVESGGGSVQAGGSLRLFCEASGYTSSHYIMGWSRQAPGKECELVARITSAGITDYASSVKGRFTISRGDATNGMALQMNNLKPEDTAVYYCGVVVPTIGISRWCGYDYWGQGTQVTVSS,67,DSF,,,,,10.1016/j.bbagen.2017.06.014,10.1016/j.bbagen.2017.06.014,TEMPRO training (they manually curated)
sdab539.NbD8_1_5,EVQLVESGGGSVQAGGSLRLSCAASGYTYGSNSMGWFRQAPGKEREGVATIDRGGGRTLYTDSVKGRFTISQDNAKNTVYLQMNSLKPEDTAMYYCAADDNWRGDGLDPSDFDYWGQGTQVTVSS,54,DSF,,,,,10.1016/j.bbagen.2017.06.014,10.1016/j.bbagen.2017.06.014,TEMPRO training (they manually curated)
sdab540.NbD9_NC,QVQLQESGGGLVQAGGSLRLSCVASGYLFSLRGMGWYRQAPGKQRELVSIISRYGPAKYADSVKGRFTISQDNAKNTLYLQMNSLRPEDTAVYFCAASRPNSDKLDYWGQGTQVTVSS,62,DSF,,,,,10.1016/j.bbagen.2017.06.014,10.1016/j.bbagen.2017.06.014,TEMPRO training (they manually curated)
sdab541.NbD10_NC,QVQLQESGGGLVQSGGSLTLSCAASRYTYRPRTMAWYRQAPGKQREFVSTISSNGNAKYRDSVKGRFTISQNNAKNTVYLQMNSLRPEDTAVYYCYMYNGDPFWGQGTQVTVSS,55.5,DSF,,,,,10.1016/j.bbagen.2017.06.014,10.1016/j.bbagen.2017.06.014,TEMPRO training (they manually curated)
sdab542.NbD11,QVQLQESGGGSVQAGGSLKLSCDASTYTYGGKCMGWFRQAPGKEREFVAFIESDGRTSYADSVKGRFTISQDDAKNTVYLQMNSLKREDTSMYYCKTAAGAFCGTRSYGFWGQGTQVTVSS,55,DSF,,,,,10.1016/j.bbagen.2017.06.014,10.1016/j.bbagen.2017.06.014,TEMPRO training (they manually curated)
sdab543.NbD11_NC,QVQLQESGGGLVQAGGSLKLSCDASTYTYGGKCMGWFRQAPGKQREFVAFIESDGRASYADSVKGRFTISQDDAKNTVYLQMNSLRPEDTSVYYCKTAAGAFCGTRSYGFWGQGTQVTVSS,52,DSF,,,,,10.1016/j.bbagen.2017.06.014,10.1016/j.bbagen.2017.06.014,TEMPRO training (they manually curated)
sdab544.NbD12_NC,QVQLQESGGGLVQAGGSLRLSCAASGITYSRSTMGWYRQVPGKQRELVSSIRWNGSALYADSVKGRFTISRDNAKNTAYLQMNSLRPEDTAVFYCKAEVVAGPYAGHDYWGQGTQVTVSS,46,DSF,,,,,10.1016/j.bbagen.2017.06.014,10.1016/j.bbagen.2017.06.014,TEMPRO training (they manually curated)
sdab545.NbD1_NC,QVQLQESGGGLVQAGGSLRLSCAASGWTYSTATMGWYRQAPGKQRELVSSIFSDENAYYKDSVKGRFTISRDAAKNTVYLQMNSLRPEDTAVYYCYIRPTTSLANWRWGQGTQVTVSS,52,DSF,,,,,10.1016/j.bbagen.2017.06.014,10.1016/j.bbagen.2017.06.014,TEMPRO training (they manually curated)
sdab546.NbD4_NC,QVQLQESGGGLVQGGGSLRLSCAASGDTFSRKIMAWFRQAPDKQREGLATIDPDGTMASYADSARGRFTISRDNAKSAVYLQMNSLRPEDTAVYYCATKLTWYGAYQSWGQGTQVTVSS,53,DSF,,,,,10.1016/j.bbagen.2017.06.014,10.1016/j.bbagen.2017.06.014,TEMPRO training (they manually curated)
sdab547.NbPep46,QVQLQESGGGSVQAGGSLRLSCVASGFSVSTQCMGWVRQAPGKDAETVAVINSGGGNLYFDSVKGRFTISRDEAKNTVYLQMNSLKPEDTAIYYCVADCVLSEVVGGFKARFTFIGQGTQVTVSS,75.3,nanoDSF,,,,,10.1038/s41598-018-26338-z,10.1038/s41598-018-26338-z,TEMPRO training (they manually curated)
sdab550.EBOV-GP-G6,DVQLQASGGGLVQAGGSLRISCAASGGALSDYNMGWFRQAPGKEREFVAVVTWSGGSTRYADSVNGRFTISRDNAKNTVYLQMNSLKPEDTAVYYCAAAPLTPFQSLGDNKAYNYWGQGTQVTVSS,67,CD,,,,,10.1186/s12934-017-0837-z,10.1186/s12934-017-0837-z,TEMPRO training (they manually curated)
sdab551.EBOV-GP-H7,DVQLQASGGGLVQAGGSLRLSCAASSGTFSSYTMGWFRQAPGKERELVARLSQSLTTLYADSVKGRFTISRDNAENTVYLQMNSLKPEDTGVYYCAAHPGTYGSAWLISPHDYAYWGQGTQVTVSS,68,CD,,,,,10.1186/s12934-017-0837-z,10.1186/s12934-017-0837-z,TEMPRO training (they manually curated)
sdab552.EBOV-GP-A8,EVQLQASGGGLAQAGGSLQLSCAAPGRPVRTYTMGWFRQAPGKEREFVAANNWRGTRYAGSVRGRFSISRDNSKNTVYLQMNSLKPEDTAVYYCACAVTADLLLSGNYFRGDDYDYWGQGTQVTVSS,60,CD,,,,,10.1186/s12934-017-0837-z,10.1186/s12934-017-0837-z,TEMPRO training (they manually curated)
sdab553.EBOV-GP-D1,EVQLQASGGGSVPPGGSLRLSCTASLRAFSTYTMGWFRQAPGKEREFVAASNWRGTDFHDSVRGRFIISRDNTEKTVQLQMNSLKPEDTAIYYCAADGSTWLKRSDYSYWGQGTQVTVSS,51,CD,,,,,10.1186/s12934-017-0837-z,10.1186/s12934-017-0837-z,TEMPRO training (they manually curated)
sdab554.EBOV-GP-B5,EVQLQASGGGLVQAGGSLRLSCTASLRAFSTYTMGWFRQAPGKEREFVAASNWRGTDFHDSVKGRFIISRDNTKKTVQLQMNSLKPEDTAIYYCAADGSTWLKRSDYSYWGQGTQVTVSS,60,CD,,,,,10.1186/s12934-017-0837-z,10.1186/s12934-017-0837-z,TEMPRO training (they manually curated)
sdab557.EBOV-GP-G3,EVQLQASGGGLVEPGGSLRLSCAVSGINFNINHWGWYRQAPGKQREWVATIAIGGATDYADSLKGRFTISRDNNKNTVYLQMNSLRPEDTAVYYCNGVGSKWSVRWGQGTQVTVSS,61,CD,,,,,10.1186/s12934-017-0837-z,10.1186/s12934-017-0837-z,TEMPRO training (they manually curated)
sdab559.C8,EVQLQRSGGGLVQGGDSLRLSCRASGRTLGDYGVAWFRQAPGKEREFVSVISRSTIITDYANSYKGRFTISRDNAKNAVYLQMNSLKPEDTAVYYCAVIANPVYATSRNSDDYGHWGQGTQVTVSS,60,DSF,,,,,https://doi.org/10.1016/j.btre.2015.01.001,https://doi.org/10.1016/j.btre.2015.01.001,TEMPRO training (they manually curated)
sdab560.E9,EVQLQASGGGLVQGGDSLRLSCAASGRTLSVYGVAWFRQAPGKEREFVSVISRSTIITDYANSVKGRFTISRDNAKNAVYLQMNSLKPEDTAVYYCAVITNPVYATSRNSDDYGYNGQGTQVTVSS,58,DSF,,,,,https://doi.org/10.1016/j.btre.2015.01.001,https://doi.org/10.1016/j.btre.2015.01.001,TEMPRO training (they manually curated)
NB-AGT-1,AQVQLVESGGGLVQAGDSLRLSCAASGLAFSTYGMGWFRQAPGKEREFVADINWSGSSTYVADSVKGRFTISRDNAKNTVYLQMNRLKPEDTAVYSCAAAPGGGLRAGPSRRYEYWGQGTQVTVSS,70.65,DSC,K-Phosphate,7.4,20 uM,Bacteria,10.1101/2024.09.15.612864,10.1101/2024.08.28.609651,
NB-AGT-2,AQVQLVESGGGLVQAGGSLRLSCAASGRTFSSYAMGWFRQAPGKEREFVAAINWSGGSTFYADSVKGRFTISRDNAKNTVYLQMNSLKPEDTAVYYCAAARADPYYSISYYSTTHEYDYWGQGTQVTVSS,85.51,DSC,K-Phosphate,7.4,20 uM,Bacteria,10.1101/2024.09.15.612864,10.1101/2024.08.28.609651,10.1101/2024.09.15.612864
NB-AGT-6,AQVQLVESGGGSVQTGGSLRLACVASGFTSDHYSIGWFRQAPGKEREGVSCIGMHDGSTKYAESVKGRFTISSDNDKNTVYLQMNSLKPEDTAVYYCAAGPLVLLDSDTYQSWGEGTQVTVSS,71.68,DSC,K-Phosphate,7.4,20 uM,Bacteria,10.1101/2024.09.15.612864,10.1101/2024.08.28.609651,
NB-AGT-2-L22V,AQVQLVESGGGLVQAGGSLRVSCAASGRTFSSYAMGWFRQAPGKEREFVAAINWSGGSTFYADSVKGRFTISRDNAKNTVYLQMNSLKPEDTAVYYCAAARADPYYSISYYSTTHEYDYWGQGTQVTVSS,80.09,DSC,K-Phosphate,7.4,20 uM,Bacteria,10.1101/2024.09.15.612864,10.1101/2024.09.15.612864,
NB-AGT-2-L22A,AQVQLVESGGGLVQAGGSLRASCAASGRTFSSYAMGWFRQAPGKEREFVAAINWSGGSTFYADSVKGRFTISRDNAKNTVYLQMNSLKPEDTAVYYCAAARADPYYSISYYSTTHEYDYWGQGTQVTVSS,73.37,DSC,K-Phosphate,7.4,20 uM,Bacteria,10.1101/2024.09.15.612864,10.1101/2024.09.15.612864,
NB-AGT-2-I72V,AQVQLVESGGGLVQAGGSLRLSCAASGRTFSSYAMGWFRQAPGKEREFVAAINWSGGSTFYADSVKGRFTVSRDNAKNTVYLQMNSLKPEDTAVYYCAAARADPYYSISYYSTTHEYDYWGQGTQVTVSS,84.17,DSC,K-Phosphate,7.4,20 uM,Bacteria,10.1101/2024.09.15.612864,10.1101/2024.09.15.612864,
NB-AGT-2-I72A,AQVQLVESGGGLVQAGGSLRLSCAASGRTFSSYAMGWFRQAPGKEREFVAAINWSGGSTFYADSVKGRFTASRDNAKNTVYLQMNSLKPEDTAVYYCAAARADPYYSISYYSTTHEYDYWGQGTQVTVSS,78.92,DSC,K-Phosphate,7.4,20 uM,Bacteria,10.1101/2024.09.15.612864,10.1101/2024.09.15.612864,
NB-AGT-2-L22V-I72V,AQVQLVESGGGLVQAGGSLRVSCAASGRTFSSYAMGWFRQAPGKEREFVAAINWSGGSTFYADSVKGRFTVSRDNAKNTVYLQMNSLKPEDTAVYYCAAARADPYYSISYYSTTHEYDYWGQGTQVTVSS,78.72,DSC,K-Phosphate,7.4,20 uM,Bacteria,10.1101/2024.09.15.612864,10.1101/2024.09.15.612864,
NB-AGT-2-L22V-I72A,AQVQLVESGGGLVQAGGSLRVSCAASGRTFSSYAMGWFRQAPGKEREFVAAINWSGGSTFYADSVKGRFTASRDNAKNTVYLQMNSLKPEDTAVYYCAAARADPYYSISYYSTTHEYDYWGQGTQVTVSS,72.78,DSC,K-Phosphate,7.4,20 uM,Bacteria,10.1101/2024.09.15.612864,10.1101/2024.09.15.612864,
NB-AGT-2-L22A-I72V,AQVQLVESGGGLVQAGGSLRASCAASGRTFSSYAMGWFRQAPGKEREFVAAINWSGGSTFYADSVKGRFTVSRDNAKNTVYLQMNSLKPEDTAVYYCAAARADPYYSISYYSTTHEYDYWGQGTQVTVSS,71.23,DSC,K-Phosphate,7.4,20 uM,Bacteria,10.1101/2024.09.15.612864,10.1101/2024.09.15.612864,
NB-AGT-2-L22A-I72A,AQVQLVESGGGLVQAGGSLRASCAASGRTFSSYAMGWFRQAPGKEREFVAAINWSGGSTFYADSVKGRFTASRDNAKNTVYLQMNSLKPEDTAVYYCAAARADPYYSISYYSTTHEYDYWGQGTQVTVSS,64.72,DSC,K-Phosphate,7.4,20 uM,Bacteria,10.1101/2024.09.15.612864,10.1101/2024.09.15.612864,
NB-extra,EVQLVESGGGLVQPGGSLRLSCAASGFNIKDTYIGWVRRAPGKGEEWVASIYPTNGYTRYADSVKGRFTISADTSKNTAYLQMNSLRAEDTAVYYCAAGSFETLTLREEEAAAWGQGTLVTVSS,75.2,CD,,,,,Thesis,Internal Thesis,
NB-extra-CA-CV,EVQLVESGGGLVQPGGSLRLSAAASGFNIKDTYIGWVRRAPGKGEEWVASIYPTNGYTRYADSVKGRFTISADTSKNTAYLQMNSLRAEDTAVYYVAAGSFETLTLREEEAAAWGQGTLVTVSS,54,CD,,,,,Thesis,Internal Thesis,
NB-extra-CA-CA,EVQLVESGGGLVQPGGSLRLSAAASGFNIKDTYIGWVRRAPGKGEEWVASIYPTNGYTRYADSVKGRFTISADTSKNTAYLQMNSLRAEDTAVYYAAAGSFETLTLREEEAAAWGQGTLVTVSS,57.5,CD,,,,,Thesis,Internal Thesis,