Name,D1 Tm Prometheus,D1 Tm Fit Ratio,D1 Tm Steep Ratio,D1 Tm Fit 350nm,D1 Tm Steep 350nm,D1 Tm Fit 330nm,D1 Tm Steep 330nm,D2 Tm Prometheus,D2 Tm Fit Ratio,D2 Tm Steep Ratio,D2 Tm Fit 350nm,D2 Tm Steep 350nm,D2 Tm Fit 330nm,D2 Tm Steep 330nm,Avg Tm,Std Tm,Sequence
1 6IBB,,,,72.25677332,,72.17915015,,,,,72.04356759,,71.98867191,,72.11704074,0.122827294,EVQLVESGGGLVQPGGSLRLSCEASGYTLANYAIGWFRQAPGKEREGVSCISSGGSTVYSESVKDRFTISRDNAKKIVYLQMNSLQPEDTAVYYCAADPFGERLCIDPNTFAGYLETWGQGTQVTVSS
2 5MP2,,,,69.99653085,,70.98327443,,,,,69.6845688,,70.42664482,,70.27275473,0.562963211,QVQLVESGGGSVQAGGSLRLSCAASGNTDSSYYMGWFRQGPGKEREGVASIYIRAGIPYYTDSVKGRFTISQDNAKNTIYLQMNSLKPEDTAMYFCAGSVRTTIQPFKGNYYNYWGRGTQVTVSS
3 6XW6,,,,66.23557607,,66.21519717,,,,,65.92852205,,65.89848166,,66.06944424,0.180675555,QVQLQESGGGLVQAGDSLRVSCAASGRTISSSPMGWFRQAPGKEREFVAAISGNGGNTYYLDSVKGRFTTSRDNAKNTVYLQLNNLKPEDTAIYYCAARSRFSAMHLAYRRLVDYDDWGQGTQVTVSS
4 7BC6,,,,63.80628603,,62.49783837,,,,,63.3107123,,62.38099496,,62.99895791,0.678716559,QVQLVESGGGLVQPGGSLRLSCAASGFTFSRYWMYWVRQAPGKGPEWLSHMNPSGSDIKYTDSVKGRFTISRDNAKNTLYLQMNSLKPDDTAVYYCVADRRALGSPEYWGQGTQVTVSS
5 5MY6,,,,74.59673062,,74.33060787,,,,,74.25785863,,73.94304096,,74.28205952,0.268882942,QVQLQESGGGSVQAGGSLKLTCAASGYIFNSCGMGWYRQSPGRERELVSRISGDGDTWHKESVKGRFTISQDNVKKTLYLQMNSLKPEDTAVYFCAVCYNLETYWGQGTQVTVSS
6 6SC5,,,,64.71323672,,65.46874073,,,,,65.17121565,,65.58775276,,65.23523647,0.389604236,EVQLLESGGGLVQPGGSLRLSCAASGFTFRGYSMAWVRQAPGKGLEWVSTISPIGTYTYYADSVKGRFTISRDNSKNTLYLQMNSLRAEDTAVYYCAKGSYSRGTPFDYWGQGTLVTVSS
7 6RTW,,,,64.61685001,,63.55952933,,,,,64.68717916,,63.98237849,,64.21148425,0.537941046,QVQLQESGGGLVQPGGSLRLSCAASGSGNSINVMGWYRQAPGKPRELVAEITSSGTTNYADSVKGRFSISRDNAKNTVPLQMNSLKPEDTAIYYCSAVLVRFGGLRRSYWGQGTQVTVSS
8 1ZVY,,,,64.99578096,,65.51423467,,,,,64.64277043,,65.23313467,,65.09648018,0.369317451,DVQLVESGGGSVQAGGSLRLSCAASGSTDSIEYMTWFRQAPGKAREGVAALYTHTGNTYYTDSVKGRFTISQDKAKNMAYLRMDSVKSEDTAIYTCGATRKYVPVRFALDQSSYDYWGQGTQVTVSS
9 7DSS,,,,67.65617817,,67.73962242,,,,,67.32142245,,67.40244345,,67.52991662,0.19969788,QVQLQESGGGLVQPGGSLRLSCVASGTVFSINDISINHLGWYRQAPGKERELVAAITADGTSAYEDSVKGRFIISRDDAKKMVYLQMNSLKPEDTAVYYCNGLRASNAGWEPRFGTWGQGTQVTVSS
10 7AZB,,,,60.3479256,,59.41411541,,,,,60.4801805,,59.38015732,,59.90559471,0.58975752,EVQLQASGGGFVQPGGSLRLSCAASGSSSWLDGMGWFRQAPGKEREFVSAISGQDNYASYYADSVKGRFTISRDNSKNTVYLQMNSLRAEDTATYYCAPQRSIYQSHKPIYWGQGTQVTVSS
11 5IP4,,,,63.48854022,,63.64495805,,,,,62.83471307,,62.98167964,,63.23747275,0.390181416,QVQLQESGGGLVQAGGSLRLSCTASVNIIGGNHWAWYRQAPGQQRDLVASLSRYNANYADSVKGRFTISRDNAKNAAYLQMNSLKPEDTAIYFCALENYYWGQGTQVTVSS
12 3K81,,,,64.2276434,,64.10815166,,,,,64.10150399,,63.98214922,,64.10486207,0.100259326,EVQPQESGGGLAQAGGSLRLSCVVSGITFASEAWGWYRRAPGKQRELIAAINNEGRTNYVDSVKGRFTVSRDNAKNVMYLQMNSLKPEDTAVYYCNANLQTGTLSGARLYWGQGTQVTVSS
13 3QXV,,,,67.45314823,,67.38720925,,,,,67.15510005,,66.96267837,,67.23953397,0.224512174,QVQLVESGGGLVQAGGSLRLSCAASRRSSRSWAMAWFRQAPGKEREFVAKISGDGRLTTYGDSVKGRFTISRDNAEYLVYLQMDSLKPEDTAVYYCAADDNYVTASWRSGPDYWGQGTQVTVSS
14 6RL7,,,,72.5399687,,71.75091457,,,,,72.48972928,,71.5831169,,72.09093236,0.494692244,QVQLVESGGRLVQAGDSLRLSCAASGRTFSTSAMAWFRQAPGREREFVAAITWTVGNTILGDSVKGRFTISRDRAKNTVDLQMDNLEPEDTAVYYCSARSRGYVLSVLRSVDSYDYWGQGTQVTVSS
15 5L21,,,,66.90314062,,66.97088459,,,,,66.73109621,,66.83084264,,66.85899102,0.102662509,QVQLVESGGGLAQPGGSLRLSCEASGFGTWFRFDENTVNWYRQPPGKSREFDELVARYPKSGIVTYLDSVKGRFTISRDNAKKMAFLQMDNLKPEDTAVYYCNVGEFWGQGTQVTISS
16 6DBD,,,,65.56302828,,65.84817451,,,,,65.36772068,,65.62215419,,65.60026941,0.197822899,QVKLEESGGGLVQAEGSLRLSCVTSGRIEGILLVGWYRQGPGKQRDVVASIDRNGNTRYDGSAEGRFTIARENANTVYLQMNNLRPEDSNVYVCGALSSGVNPWAWGQGTQVTVSS
17 7NQA,,,,65.8216105,,66.09054592,,,,,65.64782138,,65.91559784,,65.86889391,0.184769815,QVQLVESGGGLAKPGGSLRLSCVATGTFRSMEDVGWYRQAPGKDRELVAEITTLGKVTYADSVKGRFTISRDDAKNAVYLQMSDLKSEDTAVYYCNIEADQTKGIGYVVYPYWGQGTRVTVSS
18 6UI1,,,,67.84906686,,67.87388398,,,,,67.77740018,,67.80130301,,67.82541351,0.043952491,QVQLVESGGGLVQPGGSLRLSCVVSGSDFNTYIMGWYRQVPGKPRELVADITTEGKTNYGGSVKGRFTISRDNAKNTVYLQMFGLKPEDAGNYVCNADWKMGAWTAGDYGIDYWGKGTLVTVSS
19 6X05,,,,66.63322832,,66.76483116,,,,,66.58605847,,66.69925461,,66.67084314,0.077983488,QLQLVESGGGSVQAGGSLTLSCTASESISKRIHGIGWFRQRRGEQREEIAYITTGGRPNLGDSVKDRFTISRDKSNGTVYLQMNSLKPEDTAVYYCHGRGRWWGTEGRLDYWGQGTQVTVSS
20 7B27,,,,65.93296559,,65.63935156,,,,,65.83142581,,65.56813222,,65.7429688,0.168550474,QVQLVESGGGLVRPGGSLRLSCVGSGFTFSGYAMNWYRQAPGKALELVAGISNAGDLTHYEEPMKGRVAISRANDKNTVYLQMDDLKPEDTAVYRCHAPGVRVGTGERKDVWGQGAQVTVSS
1 1BZQ,,,,70.05004994,,70.17562146,,,,,,,,,70.1128357,0.088792473,QVQLVESGGGLVQAGGSLRLSCAASGYAYTYIYMGWFRQAPGKEREGVAAMDSGGGGTLYADSVKGRFTISRDKGKNTVYLQMDSLKPEDTATYYCAAGGYELRDRTYGQWGQGTQVTVSS
2 1JTO,,67.07605116,,,,,,,66.93891045,,,,,,67.00748081,0.096973125,DVQLQASGGGSVQAGGSLRLSCAASGYTIGPYCMGWFRQAPGKEREGVAAINMGGGITYYADSVKGRFTISQDNAKNTVYLLMNSLEPEDTAIYYCAADSTIYASYYECGHGLSTGGYGYDSWGQGTQVTVSS
3 1KXT,,,,,,,,,,,57.86964399,,57.83019896,,57.84992147,0.027891844,QVQLVASGGGSVQAGGSLRLSCAASGYTFSSYPMGWYRQAPGKECELSARIFSDGSANYADSVKGRFTISRDNAANTAYLQMDSLKPEDTAVYYCAAGPGSGKLVVAGRTCYGPNYWGQGTQVTVSS
4 1KXV,,,,57.41419648,,56.89184423,,,,,57.15220503,,56.50864649,,56.99172306,0.386254235,QVQLVESGGGTVPAGGSLRLSCAASGNTLCTYDMSWYRRAPGKGRDFVSGIDNDGTTTYVDSVAGRFTISQGNAKNTAYLQMDSLKPDDTAMYYCKPSLRYGLPGCPIIPWGQGTQVTVSS
5 1QD0,,,,66.32711165,,66.51147647,,,,,66.57651977,,66.83442408,,66.56238299,0.209881139,QVQLQESGGGLVQAGGSLRLSCAASGRAASGHGHYGMGWFRQVPGKEREFVAAIRWSGKETWYKDSVKGRFTISRDNAKTTVYLQMNSLKGEDTAVYYCAARPVRVADISLPVGFDYWGQGTQVTVSS
6 1RI8,,,,78.30641284,,78.39984541,,,,,77.8933577,,77.94845633,,78.13701807,0.253442109,DVQLVESGGGSVQAGGSLRLSCAVSGYKDRNYCMGWFRRAPGKEREGVAVIDSSGRTAYADSVKGRFTISRDVALDTAYLQMNSLKPEDTAMYYCAAGWSSLGSCGTNRNRYNYWGQGTQVTVSS
7 2BSE,,,,75.13075192,,75.39527252,,,,,75.09787624,,75.31370705,,75.23440193,0.143237838,QVQLQESGGGLVQAGGSLRLSCTASRRTGSNWCMGWFRQLAGKEPELVVALNFDYDMTYYADSVKGRFTVSRDSGKNTVYLQMNSLKPEDTAIYYCAARSGGFSSNRELYDGWGQGTQVTVSS
8 2X6M,,,,67.22595318,,67.26848268,,,,,66.98735461,,67.02518393,,67.1267436,0.141039196,QGQLVESGGGSVQAGGSLRLSCAASGIDSSSYCMGWFRQRPGKEREGVARINGLGGVKTAYADSVKDRFTISRDNAENTVYLQMNSLKPEDTAIYYCAAKFSPGYCGGSWSNFGYWGQGTQVTVSS
9 3DWT,,,,77.93269187,,77.69722008,,,,,77.75532145,,77.50183624,,77.72176741,0.17756435,QVQLVESGGGSVQAGGSLRLSCTASGGSEYSYSTFSLGWFRQAPGQEREAVAAIASMGGLTYYADSVKGRFTISRDNAKNTVTLQMNNLKPEDTAIYYCAAVRGYFMRLPSSHNFRYWGQGTQVTVSS
10 3EBA,,86.16634766,,,,,,,86.25036827,,,,,,86.20835797,0.059411548,QVQLVESGGGSVQAGGSLRLSCSASGYTYISGWFRQAPGKGLEWVAAIRSSDGTTYYADSVKGRFTISQDNAKNTVYLQMNSLKPEDTAMYYCAATEVAGWPLDIGIYDYWGQGTQVTVSS
11 3G9A,,,,66.67935732,,66.65524384,,,,,66.44531763,,66.4217417,,66.55041512,0.13566808,DVQLQESGGGSVQAGGSLRLSCAASGDTFSSYSMAWFRQAPGKECELVSNILRDGTTTYAGSVKGRFTISRDDAKNTVYLQMVNLKSEDTARYYCAADSGTQLGYVGAVGLSCLDYVMDYWGKGTQVTVSS
12 3J69,,,,66.08963769,,66.03376683,,,,,66.03774804,,65.96167204,,66.03070615,0.052591479,QVQLQESGGGSAQTGGSLRLSCAASGFTFSHGYMAWFRQAPEKEREWVACVRTSGVSAYYADSVLGRFTISQDNAKSTLYLQMNNLKPEDTAMYYCAATSISCSSGYMFWGQGTQVTVSS
13 3J6A,,,,69.02963745,,69.19384858,,,,,68.85715314,,69.01066285,,69.02282551,0.137708096,QVQLQESGGGSVQTGGSLRLSCAASEYTQSSACMGWFRQAPGKEREGVAGISRFFGTAYYADSVKGRFTISQDKAKNTVYLQMNSLKPEDTAIYYCAAGQGCLTTIQALGGAYGYNAWGQGTQVTVSS
15 3P9W,,60.08815979,,,,,,,59.90952499,,,,,,59.99884239,0.126313879,EVQLVESGGGLVQPGGSLRLSCAASGFNIKDTYIGWVRRAPGKGEELVARIYPTNGYTRYADSVKGRFTISADTSKNTAYLQMNSLRAEDTAVYYCYYHYYGWHPGYGLSYSSGQGTLVTVSS
16 3SN6,,,,60.2511964,,60.7860494,,,,,59.71762144,,60.29088982,,60.26143926,0.436625647,QVQLQESGGGLVQPGGSLRLSCAASGFTFSNYKMNWVRQAPGKGLEWVSDISQSGASISYTGSVKGRFTISRDNAKNTLYLQMNSLKPEDTAVYYCARCPAPFTRDCFDVTSTTYAYRGQGTQVTVSS
17 4B5E,,,,61.54191966,,61.98550559,,,,,61.38336599,,61.72077255,,61.65789095,0.258262617,EVQLVESGGGLVQAGGSLRLSCAASGRSFSRDAMGWFRQAPGKERDVVAAINLNGGRTYSADSVKGRFTISRDNDKNTVYLQMSNLKPEDTAVYYCAAREGDVGLVSYKRSSNYPYWGQGTQVTVSS
18 4C57,,63.83807557,,,,,,,63.71682327,,,,,,63.77744942,0.085738324,QVQLQESGGGLVQPGGSLRLSCSASGFKFNDSYMSWVRRVPGKGLEWVAGIWEDSSAAHYRDSVKGRFTISRDNAKNMLYLQMSSLKSDDTGLYYCVRRGYSGGDYRPINNPSSQGTQVTVSS
20 4I0C,,,,75.89823856,,75.82489707,,,,,75.75162107,,75.68733876,,75.79052386,0.091185828,QVQLQESGGGSVQAGGSLRLSCEASGLSTTVMAWFRQAPGKEREGVAAIYTGDGFPYYADSVKGRFTISQDNAKNRMYLQMNSLEPEDTAMYYCAAKTGAFSYGSLWWMSRAYNHWGQGTQVTVSS
21 4I13,,65.34267977,,,,,,,65.44021906,,,,,,65.39144942,0.068970687,QVQLQESGGGLVQAGASLRLSCAASERLTVDYAIGWFRQAPGKEREFVAAISWGGGLTVYGESVEGRFTISRDIAKNTMNLQMNVLRPEDTANYYCAASRISYRVWNTIPYNKLTLWGRGTQVTVSS
22 4IDL,,,,53.49488601,,53.84194074,,,,,53.72723555,,53.98179367,,53.76146399,0.205958797,KVQLQQSGGGAVQTGGSLKLTCLASGNTASIRAMGWYRRAPGKQREWVASLTTTGTADYGDFVKGRFTISRDNANNAATLQMDSLKPEDTAVYYCNADGRRFDGARWREYESWGQGTQVTISS
23 4LJP,,,,71.97894869,,71.53100307,,,,,71.93985267,,71.4113169,,71.71528033,0.286534244,QVQLVETGGGLVQPGGSLTLSCAGSGGTLEHYAIGWFRQAPGKEHEWLVCNRGEYGSTVYVDSVKGRFTASRDNAKNTVYLQLNSLKPDDTGIYYCVSGCYSWRGPWGQGTQVTVSS
24 4LJS,,,,72.22888544,,72.46650995,,,,,72.61001055,,72.66029222,,72.49142454,0.193327401,QVQLVESGGGLVQAGGSLSLSCAASGGDFSRNAMAWFRQAPGKEREFVASINWTGSGTYYLDSVKGRFTISRDNAKNALYLQMNNLKPEDTAVYYCARSTVFAEITGLAGYQSGSYDYWGQGTQVTVSS
26 4QGY,,,,74.59719712,,74.70253983,,,,,,,,,74.64986847,0.074488545,QVQLVESGGGLVQAGGSLRLSCAASGFTFEDYAIGWFRQAPGKEREGVSCISNLDGSTYYPDSVKGRFTASSDKAKNMVYLQMNSLKPEDTAVYYCAAVNAQGIYCTDYIIGPYGMDYWGKGTQVTVSS
27 4YGA,,,,73.51716981,,73.12732112,,,,,73.71336215,,73.27774109,,73.40889854,0.258784903,QVQLVETGGGLVQPGESLRLSCVASGFTLDHSAVGWFRQVPGKEREKLLCINANGVSLDYADSIKGRFTISRDNAKNTVYLQMNDLKPEDTATYSCAATREFCSAYVFLYEHWGQGTQVTVSS
28 4Z9K,,,,73.03875337,,73.72509859,,,,,73.20353519,,73.98972648,,73.48927841,0.443727178,QVQLVESGGGLVQPGGSLRLSCAASGFTLDDYAIGWFRQVPGKEREGVACVKDGSTYYADSVKGRFTISRDNGAVYLQMNSLKPEDTAVYYCASRPCFLGVPLIDFGSWGQGTQVTVSS
29 5C1M,,,,61.9101247,,60.47482829,,,,,62.05886001,,60.94512743,,61.34723511,0.762897749,QVQLVESGGGLVRPGGSLRLSCVDSERTSYPMGWFRRAPGKEREFVASITWSGIDPTYADSVADRFTTSRDVANNTLYLQMNSLKHEDTAVYYCAARAPVGQSSSPYDYDYWGQGTQVTVSS
30 5FOJ,,,,70.61694092,,70.61560726,,,,,71.04588019,,70.94849455,,70.80673073,0.223485867,QVQLQESGGGSVQVGGSLRVACAASGDTFSGYLAAWFRQAPGKGREGVAAINSKRHTTSYADSVKGRFTISKDNADNIMYLEMNSLKPEDTAIYYCAAADAIGLAEYWSTPTLSAARYKYWGQGTQVTVSS
31 5J56,,,,73.55301185,,73.61577758,,,,,73.86674737,,73.92115775,,73.73917364,0.181912134,QVQLVESGGGLVQPGGSLRLSCVASEFSGFTLDYYAIGWFRQAPGKEREGLSSISSSSDGFTSYSDSVKGRFTISRDNAKNTVYLQMNSLKPEDTAVYYCAARLGGWASFSPQEYDYWGQGTQVTVSS
32 5KU2,55.25261395,,,,,,,55.05964757,,,,,,,55.15613076,0.136447835,QVQLQESGGGSVQTGGSLTLSCAASGYAVSLYSMGWFRQAPGKELEGVAGISSSGVDTTYADSVKGRFTISRDNAKDTMYLQMNSPKPEDTAIYRCAAGFGLSLSRYTYAHWGQGTQVTVSS
33 5M2M,,,,74.83302342,,74.76286397,,,,,75.19761457,,75.12086191,,74.97859097,0.212869603,QVQLQESGGGLVQPGGSLRLSCAASGRTFSDHSGYTYTIGWFRQAPGKEREFVARIYWSSGNTYYADSVKGRFAISRDIAKNTVDLTMNNLEPEDTAVYYCAARDGIPTSRSVESYNYWGQGTQVTVSS
34 5NM0,,,,72.52167734,,72.61959246,,,,,72.84236474,,72.95284808,,72.73412066,0.198164359,QVQLVESGGGLVQAGGSLRLSCVVSGSAVSDYAMGWYRQAPGKQRELVAAIYNSGRTNYVDSVKGRFTISKDNAKKTVYLQMNCLKPEDTADYFCNLLGATTMSNAVWGQGTQVTVSS
35 5O03,,,,68.73169227,,69.38892322,,,,,69.00479536,,69.67957874,,69.2012474,0.417571753,QVQLQESGGGLVQPGGSLRLSCAASGFTLGYYPIGWFRQAPGKGLEGVSCISGSGGSANYAASVKGRFTISRDNAKNTVYLQMNSLKPEDTAIYYCAADLSSLTTVQAMCVIPRPGFSAKAYDYWGLGTQVTVSS
35 5OCL,,,,72.16458927,,71.12845554,,,,,72.28670227,,71.18086758,,71.69015367,0.620708326,QVQLQESGGGLVQAGDSLRLSCAASGRTWSIYGMGWFRQAPGKEREFVAGITWRGGNTHYADFVKGRFTISRDNVKNTVYLQMNSLKPEDTAVYYCAANPNPSGSSVYRRNDYWGQGTQVTVSS
37 5OVW,,,,76.32442573,,76.30012543,,,,,76.64771367,,76.59575544,,76.46700506,0.180194282,QMQLVESGGGLVQPGGSLRLSCAAPESTLDDYAIGWFRQAPGKEREGVSCIGSSGDSTNYADSVKGRFTVSRDNAKNTVYLQMNDLRPEDTAVYYCAAAHRIFGGCLVIHSSGYVSWGQGTPVTVSS
38 5TD8,,,,66.67447804,,66.02546122,,,,,67.0533892,,66.44222231,,66.54888769,0.430367083,QVQLVESGGGLVHPGGSLRLSCAASGRTGSRHAVAWFRQAPGKERDFVASINAVGLVRNYADSVLGRFSISRDFAKNEVYLQMNSLEPEDTAVYYCAARYYSGTYSSTYDRDDYDYWGQGTQVTVSS
39 5TJW,,,,66.1757766,,65.904828,,,,,66.58096785,,66.34229816,,66.25096765,0.284433792,QVQLQESGGGLVQAGGSLRLTCALSERTSTSYAQGWFRQPPGKEREFVASLRTHDGNTHYTDSVKGRFTISRDNAENTLYLQMNSLKTEDTAVYYCAASLGYSGAYASGYDYWGQGTQVTVSS
40 5U64,,,,73.58160146,,73.91344867,,,,,72.44634565,,73.60656797,,73.38699094,0.644995767,DVQLQESGGGSVQAGGSLRLSCVASGVTSTRPCIGWFRQAPGKEREGVAVVNFRGDSTYITDSVKGRFTISRDEDSDTVYLQMNSLKPEDTATYYCAADVNRGGFCYIEDWYFSYWGQGTQVTVSS
41 5VLV,,,,69.78763943,,69.48978883,,,,,69.69648493,,69.50213169,,69.61901122,0.146965868,EVQLVESGGGLVQTGDSLRLSCAASGRTYTPYAMAWFRQAPGKEREFVAGIGGIDGTAAYADSVRGRATISRDSAKKTVYLQMNSLKPEDTAVYSCATRASMQVLTSPRVYPIWGRGTQVTVSS
42 5VM4,,,,72.99030652,,72.8498394,,,,,73.01757975,,72.86373766,,72.93036583,0.085873887,QVKLQQSGGGMVQTGDSLRLSCVGSRRALSSTIVGWFRQIPGKEREFVGGIAWSSSDTWYADSVKGRFTISKDDAANGVHLQMSSLKPEDTAVYYCASALRRPGSDASDYTRIPDYPYWGQGTQVTVSS
43 5VXK,,,,66.24012559,,65.08204871,,,,,66.29644884,,65.38223092,,65.75021351,0.611076173,QLQLVESGGGLVQPGGSLRLSCAASGFTLDDQPIAWFRQAPGKEREGVSCISIDGNTQSYSDSVKGRFTISRDTANNRVHLQMNNLKPEDTAVYYCAADRYTSVRQMCTMIEGLHRVWGQGTQVTVSS
44 6CK8,,,,66.86165123,,66.75430067,,,,,66.5526434,,66.45764382,,66.65655978,0.184374578,EVQLVESGGGLVQPGGSLRLSCAVSISIFDIYAMDWYRQAPGKQRDLVATSFRDGSTNYADSVKGRFTISRDNAKNTLYLQMNSLKPEDTAVYLCHVSLYRDPLGVAGGMGVYWGKGALVTVSS
46 6EQI,,,,62.54083056,,62.549317,,,,,62.40018991,,62.38186629,,62.46805094,0.089319574,QVQLVESGGGLVQAGGSLKLSCTTSGRPFSTFDLAWFRQAPGKEREFVSGLRRGGSTFYADSVSGRFTISGGSTKNTLYLQMNSLKPEDTAIYYCARSITGYGLVDSASHYTIWGQGTQVTVSS
47 6FYU,,,,64.75167928,,64.80086473,,,,,64.32863431,,64.43338877,,64.57864177,0.233043048,EVQLVESGGGLVQAGGSLKLSCAASGRTYAMGWFRQAPGKEREFVAHINALGTRTYYSDSVKGRFTISRDNAKNTEYLEMNNLKPEDTAVYYCTAQGQWRAAPVAVAAEYEFWGQGTQVTVSS
48 6GWN,,,,64.73238562,,64.38491395,,,,,64.42718041,,64.13286077,,64.41933519,0.245841773,QVQLVESGGGLVQPGGRLRLSCAASGFTFRTYAMQWYRQSPGTERELVAAISNIGGVTDYGDSVKGRFTISRDNAKTTVYLEMNSLKPEDTATYYCSAVRLPQRYWGRGTQVTVSS
50 6HEQ,,60.61348326,,,,,,,60.61220832,,,,,,60.61284579,0.000901524,QVQLQESGGGLVQPGGSLRLSCAASGRTFSSYNMGWFRQAPGKGREFVASITSSGDKSDYTDSVKGRFTISRDNAKNTMYLQMNNLKPEDTATYYCARGLGIYIIRARGGYDHWQQGTQVTVSS
51 6HHU,,,,70.33086216,,70.6072356,,,,,69.98716425,,70.23667602,,70.29048451,0.2561641,QVQLVESGGGLVQAGGSLRLFCAASGSIFRVNAMGWYRQVTGKQRELVAAITSGGRTNYADSVKGRFTISRDNIKNTVYLQMNSLKPEDTAVYYCNADLGTGGRSYDYWGQGTQVTVSS
52 6I2G,,,,61.15344864,,61.24096942,,,,,60.79957657,,60.92651001,,61.03012616,0.202939017,EVQLQESGGGLVQPGGSLRLSCTASGVTISALNAMAMGWYRQAPGERRVMVAAVSERGNAMYRESVQGRFTVTRDFTNKMVSLQMDNLKPEDTAVYYCHVLEDRVDSFHDYWGQGTQVTVSS
53 6I8H,,,,66.43771444,,65.46683658,,,,,66.44545577,,65.82200083,,66.04300191,0.482553989,QVQLQESGGGLVQAGGSLRLSCAGSGRTFSTYDMAWFRQAPGKEREFVSSISSSGGNVVYRDSVKGRFTIARDNAANAVYLQMNSLKPEDTAVYYCAAKWLAADYNYWGQGTQVTVSS
54 6ITP,,68.49321911,,,,,,,68.27020269,,,,,,68.3817109,0.157696421,QVQLQESGGGSVQAGGSLRLSCVVSGNTGSTGYWAWFRQGPGTEREGVAATYTAGSGTSMTYYADSVKGRFTISQDNAKKTLYLQMNSLKPEDTGMYRCASTRFAGRWYRDSEYRAWGQGTQVTVSS
55 6KNM,,,,69.37718564,,69.45470772,,,,,,,,,69.41594668,0.054816392,QVQLVESGGGSVQSGGSLTLSCAASGSTYSSHCMGWFRQAPGKEREGVALMTRSRGTSYADSVKGRFTISQDNTKNILYLQMNSLKPEDTAMYYCAAVPRAGIESGAYCKWNMKDSGSWGQGTQVTVSS
56 6KSN,,62.86096716,,,,,,,63.20343186,,,,,,63.03219951,0.242159116,QVQLEESGGGSVQAGGSLRLSCAASGYMYSTYSTYCMGWFRQAPGKEREGVAFIKRGDHSTYYTDSVKGRFTISQDSAKNTVSLQMNNLKPEDTAIYYCAADFAHSFLLSVHSGAGQYSYWGQGTQVTVSS
57 6OBC,,,,64.06055283,,64.50580102,,,,,63.53976611,,64.06994598,,64.04401649,0.395162071,QVQLAETGGGLVQPGGARTLSCAASESISSFYFMGWYRQAPGKPRELVAEISNYGRTDYGDSLKGRFTISRDNAANTVNLQMNNLAPEDTALYYCNARKWERSVLEDYWGQGTQVTVSS
58 6OQ5,,,,66.21218468,,65.77999981,,,,,65.80197452,,65.44765446,,65.81045337,0.313055055,QVQLVESGGGLVQTGGSLRLSCASSGSIAGFETVTWSRQAPGKSLQWVASMTKTNNEIYSDSVKGRFIISRDNAKNTVYLQMNSLKPEDTGVYFCKGPELRGQGIQVTVSS
59 6OS1,,,,71.52150266,,71.53819536,,,,,71.54823666,,71.56503728,,71.54324299,0.018239593,QVQLQESGGGLVAAGGSLRLSCAASGNIFDVDIMGWYRQAPGKERELVASITDGGSTNYADSVKGRFTISRDNAKNTVYLAMASLKPEDTAVYYCAAVAYPDIPTYFDYDSDNFYWGQGTQVTVSS
60 6QKD,,,,69.30719684,,69.28126261,,,,,69.11084978,,69.0813792,,69.19517211,0.115499199,QVQLVQSGGGLVQAGGSLRLSCAASGGTFATSPMGWLRQAPGKGTEFVAAISPSGGDRIYADSVKGRFTISRDNAGYFIYLQMNSLKPEDTAVYYCAVRRRFDGTSYYTGDYDSWGQGTLVTVSS
61 6QV1,,63.8225253,,,,,,,63.83830965,,,,,,63.83041748,0.011161226,QGQLVESGGGLVQAGGSLTLSCAASVRDISFFAVGWFRQAPGKQRELVAQMTSLRKINYADSVKGRFTISRDDAKNTVSLQMNSLKPEDTAVYYCHASLPGLPYWGQGTPVTVSA
62 6RAF,,,,86.16815962,,86.1702951,,,,,86.18379889,,86.25373552,,86.19399728,0.040422943,QLQLVESGGGLVQPGDSLRLSCAVSGSALDYNAIGWFRQAPGKEREGVACISKITGNTAYADSVKGRFTISRDNAKNTVHLQMNSLKPEDTAVYYCATVTAVLLPGRCVPGKYWGQGTPVTVSS
63 6U12,,,,61.61050176,,61.00605664,,,,,61.51298074,,61.00492736,,61.28361662,0.323609356,QVKLEESGGGSVQAGGSLRLSCAASGHTYSTYAMGWFRQVPGKEREGVARINVGGSSTWYADSVRDRFTISQDNAKNTVYLQMNSLKLEDTAIYYCTLHRFANTWSLGTLNVWGQGTQVTVSS
64 6U50,,,,57.86621806,,56.45272138,,,,,57.72707213,,56.2479079,,57.07347987,0.841135516,QVKLQQSGGGSVQEGGSLRLSCASSGAFFRAGPMGWYRRAPGNERELVAGISRNGRTIYAPSLKDRFTISRDDDNNILYLQMSDLTPGDTAVYYCNLNVRTAVAGRNDYWGQGTQVTVSS
65 6U53 ,,65.14057979,,,,,,,65.24200996,,,,,,65.19129488,0.071721959,KVQLQQSGGGSVTPGGSLRLSCAASGSISDFAAMAWYRQAPGKERDWVGTIFSAGALLYAEPVKGRFTISRDNAKNTVYLQMNSLKPEDTAVYYCRLYAEAIYWGQGTQVTVSS
67 6X02,,,,75.78708111,,75.85164723,,,,,77.2781919,,76.91932871,,76.45906224,0.753509624,QLQLVETGGGLVQAGGSLRLSCVASGRTFTSYAMGWFRQAPGKEREFVAAISRLASGTDYADSVKGRFTISRNNDKNTVYLQMNNLIPEDTAVYYCAALQALRFSLPIAMATMKNGRADSWGQGTQVTVSS
68 6X03,,,,66.94195505,,66.87267573,,,,,67.05885091,,67.0097372,,66.97080472,0.081095563,QVQLVESGGGSVQAGGSLRLSCAVSGGTLSTLAMGWFRQAPGQEREFVARIGWTNGDTGYADSVKGRFTISRDNVKNTVYLQMNNLKPEDTALYYCATRRPYGSTLYPPNTESAHDNWGQGTQVTVSS
69 6XXN,,,,80.63396174,,80.49321995,,,,,80.8348403,,80.67904748,,80.66026737,0.140742352,QVQLQESGGGSVQAGGSLRLSCTAPGYTDSNYYMSWFRQAPGKEREWVAGVNTGRGSTSYADSVKGRFTISQDNAKNTMFLQMNSLKPEDTAQYYCAVAACHFCDSLPKTQDEYILWGQGTQVTVSS
70 7B18,,,,66.04034652,,66.29802808,,,,,66.02147543,,66.2163981,,66.14406203,0.135058544,QVQLVETGGGLVQPGGSLRLSCAASGFTFSSYAMGWARQVPGKGLEWVSYIYSDGSTEYQDSVKGRFTISRDNAKSTVYLQMNSLKPEDTAVYYCATEGSLGGWGRDFGSWGQGTQVTVSS
72 7E9G,,,,59.54976447,,58.24725419,,,,,60.0868236,,59.23850534,,59.2805869,0.772878068,QVQLVQSGGGLVQAGGSLRLSCAASVRFFSINTMGWYRQAPGKQRELVADITSSGSTNYADSGKGRFTISRDNAKNTVYLQMNRLKPEDTAVYYCHADYKYTTHNTAWGQGTQVTVSS
73 7JVB,,,,72.85504389,,72.64770736,,,,,73.14795564,,72.98960849,,72.91007884,0.211957525,QVQLVESGGGLVQAGGSLRLSCAVSGAGAHRVGWFRRAPGKEREFVAAIGASGGMTNYLDSVKGRFTISRDNAKNTIYLQMNSLKPQDTAVYYCAARDIETAEYIYWGQGTQVTVSS
74 7KBI,,,,63.29343658,,63.35996084,,,,,63.53183448,,63.60415995,,63.44734796,0.144974932,QVQLAETGGGLVEPGGSLRLSCAAPEFRLQYYTAGWFRQAPGKEREWVACISAGGGVTYYTGSVQGRFTISRDNAKRTVYLQMDSLKPEDTAVYSCAADLEYSQIMPSCRGSYGVRGQGTQVTVSS
75 7MJH,,,,59.65764722,,59.44467473,,,,,59.86051702,,59.61062356,,59.64336563,0.171181,EVQLVESGGGLVQPGGSLRLSCAASGFTFDDYAMSWVRQAPGKGLEWIGRMYNNGRTSYNPSLKSLVTISRDNSKNTLYLQMNSLRAEDTATYYCARDNLGYRPSENLYGMDVWGQGTTVTVSS
76 7MY3,,,,60.59040312,,61.03172769,,,,,60.81821704,,61.10199241,,60.88558507,0.230839509,QVKLEESGGGSVQAGGSLRLICTAPGLTHNNCGLDWYRRAPGKEREFVSSISADGTTSYADSVKGRFTISKDKVEDTVYLQMNSLKPEDTAIYSCKTAFPYFGNSCVLDYWGQGTSVTVSS
77 7NQK,,,,66.34341038,,66.33012525,,,,,66.59637105,,66.57120045,,66.46027678,0.14308842,QVQLVESGGGLVQPGGSLRLLCVASGRPFNDYDMGWFRQAPGKEREFVASISWSGRVTDYSDSMKGRCTVSRDNAKGTMFLQMSNLVPRDTAVYYCAAARRRWTFKATNTEEFYETWGQGTQVTVSS
78 7OAN,,,,66.96588022,,67.72894444,,,,,67.27373667,,68.21205463,,67.54515399,0.543985559,QVQLVESGGGSVQAGGSLTLSCVASGVTLGRHAIGWFRQAPGKERERVSCIRTFDGITSYVESTKGRFTISSNNAMNTVYLQMNSLKPEDTAVYFCALGVTAACSDNPYFWGQGTQVTVSS
79 7OAP,,,,68.83254044,,68.78432181,,,,,69.22492651,,69.15445955,,68.99906208,0.222864648,QVQLVESGGGLVKTGGSLRLSCAASGRTFSTYSMGWFRQAPGKEREFVAGMRWTGSSTFYSDSVKGRFTVSRNNAKDTVYLHMNSLKPEDTAVYYCAITTIVRAYYTEYTEADFGSWGQGTQVTVSS
80 7OLZ,,,,68.64712576,,68.64671574,,,,,68.92078306,,68.93049731,,68.78628047,0.160967686,QVQLVESGGGLVQPGGSLRLSCAASGITLDYYAIGWFRQAPGKEREGVSRIRSSDGSTNYADSVKGRFTMSRDNAKNTVYLQMNSLKPEDTAVYYCAYGPLTKYGSSWYWPYEYDYWGQGTQVTVSS
1 1yc7,,,,70.93474816,,70.94919491,,,,,70.95656501,,70.92941959,,70.94248192,0.012567592,DVQLVESGGGSVQAGGSLRLSCAVSGSTYSPCTTGWYRQAPGKEREWVSSISSPGTIYYQDSVKGRFTISRDNAKNTVYLQMNSLQREDTGMYYCQIQCGVRSIREYWGQGTQVTVSSHHHHHH
2 4u05,,,,83.54504043,,83.53724926,,,,,83.30677941,,83.36376454,,83.43820841,0.121157808,EVQLVESGGGLVQAGDSLRLSCTASGRTFSRAVMGWFRQAPGKEREFVAAISAAPGTAYYAFYADSVRGRFSIAADSAKNTVYLQMNSLKPEDTAVYYCAADLKMQVAAYMNQRSVDYWGQGTQVTVSSHHHHHH
3 6ul4,,,,70.63479479,,70.57143196,,,,,70.58720499,,70.54690094,,70.58508317,0.037058446,QVQLAESGGGLVQPGGSLRLSCEASGFHLEHFAVGWFRQAPGKEREGVSCISASGDSTTYADSVKGRSTISKDNAKNAVYLQMDSLRPEDTGDYYCAASHFSVCGKNIRKIEYRYWGQGTPVTVSSHHHHHH
4 Nb24,,,,64.94202241,,65.0727699,,,,,64.87073139,,64.99682119,,64.97058622,0.085472523,QVQLQESGGGSVQAGGSLRLSCAASGYTDSRYCMAWFRQAPGKEREWVARINSGRDITYYADSVKGRFTFSQDNAKNTVYLQMDSLEPEDTATYYCATDIPLRCRDIVAKGGDGFRYWGQGTQVTVSSLEHHHHHH
5 Nb24 H,,,,68.29764889,,68.4129675,,,,,68.3436458,,68.44775898,,68.37550529,0.06757874,EVQLLESGGGLVQPGGSLRLSCAASGYTDSRYCMAWFRQAPGKEREWVARINSGRDITYYADSVKGRFTFSRDNSKNTVYLQMDSLRPEDTAVYYCATDIPLRCRDIVAKGGDGFRYWGQGTQVTVSSLEHHHHHH
6 Nb24 HR,,,,72.06987448,,72.12714062,,,,,72.04741478,,72.13588615,,72.09507901,0.043206159,EVQLLESGGGLVQPGGSLRLSCAASGYTDSRYCMAWFRQAPGKEREWVARINSGRDITYYADSVKGRFTVSRDNSKNTVYLQMDSLRPEDTAVYYCATDIPLRCRDIVAKGGDGFRYWGQGTQVTVSSLEHHHHHH
7 Nb24 B,,,,69.73631284,,69.82347158,,,,,69.63623786,,69.7688483,,69.74121765,0.078684974,EVQLVESGGGLVQPGGSLRLSCAASGYTDSRYCMAWFRQAPGKGLEWVARINSGRDITYYADSVKGRFTFSRDNAKNTVYLQMDSLRPEDTAVYYCATDIPLRCRDIVAKGGDGFRYWGQGTQVTVSSLEHHHHHH
8 Nb24 BR,,,,75.77668339,,75.95907151,,,,,75.73175588,,75.90209371,,75.84240112,0.106044605,EVQLVESGGGLVQPGGSLRLSCAASGYTDSRYCMAWFRQAPGKGLEWVARINSGRDITYYADSVKGRFTISRDNAKNTVYLQMDSLKPEDTAVYYCATDIPLRCRDIVAKGGDGFRYWGQGTLVTVSSLEHHHHHH
9 Nb24 L,,,,66.87254615,,67.04291204,,,,,66.75574573,,66.81385076,,66.87126367,0.123969682,QVQLVESGGGLVQPGGSLRLSCAASGYTDSRYCMAWFRQAPGKGLEWVARINSGRDITYYADSVKGRFTISRDNAKNTLYLQMNSLRAEDTAVYYCARDIPLRCRDIVAKGGDGFRYWGQGTLVTVSSLEHHHHHH
10 mNb6 H,,,,61.84065721,,63.72295761,,,,,61.76156324,,63.01586437,,62.58526061,0.950909327,EVQLVESGGGLVQPGGSLRLSCAASGYIFGRNAMGWYRQAPGKERELVAGITRRGSITYYADSVKGRFTISRDNAKNTVFLQMNSLRPEDTAVYYCAADPASPAYGDYWGQGTQVTVSSHHHHHH
11 mNb6 B,,,,61.03549179,,61.29026259,,,,,59.66528391,,60.39759011,,60.5971571,0.725889603,EVQLVESGGGLVQPGGSLRLSCAASGYIFGRAMGWYRQAPGKGLEWVAGITRRGSITYYADSVKGRFTISRDNAKNTVFLQMDSLRPEDTAVYYCAADPASPAYGDYWGQGTLVTVSSHHHHHH
12 mNb6 BR,,61.50885975,,,,,,,62.08252515,,,,,,61.79569245,0.405642692,EVQLVESGGGLVQPGGSLRLSCAASGYIFGRNAMGWVRQAPGKGLEWVAGITRRGSITYYADSVKGRFTISRDNAKNTVYLQMDSLRPEDTAVYYCAADPASPAYGDYWGQGTLVTVSSHHHHHH
14 mNb6 L2,,,,54.60984582,,55.1782681,,,,,55.7865429,,56.12426246,,55.42472982,0.669585427,QVQLVESGGGLVQPGGSLRLSCAASGYIFGRNAMGWVRQAPGKGLEWVAGITRRGSITYYADSVKGRFTISRDNAKNTLYLQMNSLRAEDTAVYYCARDPASPAYGDYWGQGTLVTVSSHHHHHH
15 C1 K,,74.83577988,,,,,,,74.82333862,,,,,,74.82955925,0.008797297,MEVQLEESGGGLVQPGGSLRLSCAASGFNIKDTYIGWVRQAPGKGEEWVASIYPTSGYKRYADSVKGRFTISADTSKNTAYLQMNSLRAEDTAVYYCAAGSGSSATEVYEEFDYWGQGTLVTVSSDHHHHHHH
16 C1 I,,73.52344611,,,,,,,73.63797255,,,,,,73.58070933,0.080982419,MEVQLEESGGGLVQPGGSLRLSCAASGFNIKDTYIGWVRQAPGKGEEWVASIYPTSGYIRYADSVKGRFTISADTSKNTAYLQMNSLRAEDTAVYYCAAGSGSSATEVYEEFDYWGQGTLVTVSSDHHHHHHH
17 aGFP,,,,67.77989016,,67.60579196,,,,,67.65770092,,67.51158712,,67.63874254,0.111857519,MQVQLVESGGALVQPGGSLRLSCAASGFPVNRYSMRWYRQAPGKEREWVAGMSSAGDRSSYEDSVKGRFTISRDDARNTVYLQMNSLKPEDTAVYYCNVNVGFEYWGQGTQVTVSSRSGGHHHHHHH
19 1mel T28C,,,,57.63182363,,57.55255441,,,,,57.67655391,,57.57600364,,57.6092339,0.055854256,MEVQLQASGGGSVQAGGSLRLSCAASGYCIGPYCMGWFRQAPGKEREGVAAINMGGGITYYADSVKGRFTISQDNAKNTVYLLMNSLEPEDTAIYYCAADSTIYASYYECGHGLSTGGYGYDSWGQGTQVTVSSLEHHHHHH
26 HET A111C,,,,74.91874585,,74.96150332,,,,,75.26884505,,75.36165913,,75.12768834,0.220561384,MEVQLVESGGGLVQPGGSLRLSCAASGFNIKDTYIGWVRRAPGKGEEWVASIYPTNGYTRYADSVKGRFTISADTSKNTAYLQMNSLRAEDTAVYYCAAGSHETLTLREEECAAWGQGTLVTVSSGSHHHHHHH
27 HET A112C,,,,74.87078995,,74.26349031,,,,,74.91739463,,74.32175309,,74.593357,0.348592477,MEVQLVESGGGLVQPGGSLRLSCAASGFNIKDTYIGWVRRAPGKGEEWVASIYPTNGYTRYADSVKGRFTISADTSKNTAYLQMNSLRAEDTAVYYCAAGSHETLTLREEEACAWGQGTLVTVSSGSHHHHHHH
29 K9 A112C,,,,74.12909207,,74.14798468,,,,,74.01139592,,73.92159499,,74.05251692,0.106159212,MEVQLVESGGGLVQPGGSLRLSCAASGFNIKDTYIGWVRRAPGKGEEWVASIYPTNGYTRYADSVKGRFTISADTSKNTAYLQMNSLRAEDTAVYYCAAGSTEWRLTGGMEEEACAWGQGTLVTVSSGSHHHHHHH
30 PL,,75.72720725,,,,,,,75.56465066,,,,,,75.64592896,0.114944869,MEVQLEESGGGLVQPGGSLRLSCAASGFNIKDTYIGWVRQAPGKGEEWVASIYPTSGYTRYADSVKGRFTISADTSKNTAYLQMNSLRAEDTAVYYCAAGSPLLMLVWKEEFDYWGQGTLVTVSSDHHHHHHH
31 QP,,77.75068371,,,,,,,77.73063351,,,,,,77.74065861,0.014177637,MEVQLEESGGGLVQPGGSLRLSCAASGFNIKDTYIGWVRQAPGKGEEWVASIYPTSGYTRYADSVKGRFTISADTSKNTAYLQMNSLRAEDTAVYYCAAGSQPGLSDWVVEEFDYWGQGTLVTVSSDHHHHHHH
32 aS49,,75.74604193,,,,,,,75.6846484,,,,,,75.71534517,0.043411782,MEVQLVESGGGLVQPGGSLRLSCAASGFNIKDTYIGWVRRAPGKGEEWVASIYPTNGYTRYADSVKGRFTISADTSKNTAYLQMNSLRAEDTAVYYCAAGSVHGVATVAEEEAAAWGQGTLVTVSSGSHHHHHHH
33 aS46,,76.9495419,,,,,,,78.22820237,,,,,,77.58887214,0.904149487,MEVQLVESGGGLVQPGGSLRLSCAASGFNIKDTYIGWVRRAPGKGEEWVASIYPTNGYTRYADSVKGRFTISADTSKNTAYLQMNSLRAEDTAVYYCAAGSEGVVHGVAEEEAAAWGQGTLVTVSSGSHHHHHHH
34 P2,,78.36327237,,,,,,,78.32521545,,,,,,78.34424391,0.026910303,MEVQLEESGGGLVQPGGSLRLSCAASGFNIKDTYIGWVRQAPGKGEEWVASIYPTSGYTRYADSVKGRFTISADTSKNTAYLQMNSLRAEDTAVYYCAAGSAQAGNAEEAEEEFDYWGQGTLVTVSSDHHHHHHH
35 C1,,77.06422357,,,,,,,77.04826681,,,,,,77.05624519,0.01128313,MEVQLEESGGGLVQPGGSLRLSCAASGFNIKDTYIGWVRQAPGKGEEWVASIYPTSGYTRYADSVKGRFTISADTSKNTAYLQMNSLRAEDTAVYYCAAGSGSSATEVYEEFDYWGQGTLVTVSSDHHHHHHH
36 mNb6,,56.26948877,,,,,,,54.35377906,,,,,,55.31163391,1.354611328,MEVQLVESGGGLVQAGGSLRLSCAASGYIFGRNAMGWYRQAPGKERELVAGITRRGSITYYADSVKGRFTISRDNAKNTVYLQMNSLKPEDTAVYYCAADPASPAYGDYWGQGTQVTVSSHHHHHH
37 CT1,,,,55.59076699,,51.90698308,,,,,54.77281014,,51.48288058,,53.4383602,2.047976891,MEVQLEESGGGLVQPGGSLRLSCAASERVHGDDLIGWVRQAPGKGEEWVATLRWYSRQPQYADSVKGRFTISADTSKNTAYLQMNSLRAEDTAVYYCAAPSGSSATEVYNGYEENGYWGQGTLVTVSSHHHHHH
38 NB201,,,,73.19997131,,73.24254177,,,,,73.69802896,,73.70334318,,73.46097131,0.277352315,QVQLQESGGGLVQAGGSLRLSCAASGYISDAY YMGWYRQAPGKEREFVATITHGTNTYYADSVK GRFTISRDNAKNTVYLQMNSLKPEDTAVYYCAV LETRSYSFRYWGQGTQVTVSSHHHHHH
39 Nb24 G114C,,,,56.22014907,,56.1707369,,,,,56.60646664,,56.6011082,,56.3996152,0.236629327,QVQLQESGGGSVQAGGSLRLSCAASGYTDSRYCMAWFRQAPGKEREWVARINSGRDITYYADSVKGRFTFSQDNAKNTVYLQMDSLEPEDTATYYCATDIPLRCRDIVAKGGDCFRYWGQGTQVTVSSLEHHHHHH
40 P1T,,,,82.6536645,,82.0979785,,,,,82.8006096,,82.09517952,,82.41185803,0.368964222,MEVQLEESGGGLVQPGGSLRLSCAASGFNIKDTYIGWVRQAPGKGEEWVASIYPTSGYTRYADSVKGRFTISADTSKNTAYLQMNSLRAEDTAVYYCAAGSIQKSLQTAESILEEFDYWGQGTLVTVSSENLYFQDHHHHHHH
43 C2T,,78.69587965,,,,,,,78.68927898,,,,,,78.69257932,0.00466738,MEVQLEESGGGLVQPGGSLRLSCAASGFNIKDTYIGWVRQAPGKGEEWVASIYPTSGYTRYADSVKGRFTISADTSKNTAYLQMNSLRAEDTAVYYCAAGSVVADLSVEEFDYWGQGTLVTVSSENLYFQDHHHHHHH
44 T2T,,78.40383429,,,,,,,78.34954708,,,,,,78.37669068,0.038386854,MEVQLEESGGGLVQPGGSLRLSCAASGFNIKDTYIGWVRQAPGKGEEWVASIYPTSGYTRYADSVKGRFTISADTSKNTAYLQMNSLRAEDTAVYYCAAGSQSGYHFEEFDYWGQGTLVTVSSENLYFQDHHHHHHH
45 D3,,,,70.164445,,70.13852666,,,,,70.14188461,,70.16100547,,70.15146544,0.01314896,MEVQLQESGGGLVQAGGSLRLSCAASGELYALISMGWFRQAPGKEREFVAAISRNGDNTYYTDSVKGRFTISRDNAKNTVELQMNSLKPEDTAVYYCAADKFASPDGSVTIMTNEYDYWGQGTQVTVSDHHHHHHH
6A sdAb_4875 ,,,84.16300201,,,,,,,,,,,,84.16300201,,DVQLVESGGGLVQAGGSLRLSCAASSGTFSSYTMGWFRQAPGKERELVCRLSQSLTTLYADSVKGRFTCSRDNAENTVYLQMNSLKPEDTGVYYCAAHPGTYGSAWLISPHDYAYWGQGTQVTVSS 
11A 7kgj ,,61.55968154,,,,,,,,,,,,,61.55968154,,QVQLVESGGGLVQAGGSLRLSCAASGFPVYRDRMAWYRQAPGKEREWVAAIYSAGQQTRYADSVKGRFTISRDNAKNTVYLQMNSLKPEDTAVYYCNVKDVGHHYEYYDYWGQGTQVTVSA